序號,發生地點,淹水深度(cm),災情描述,WGS84_X,WGS84_Y
1,成功大學校門口,30,校門口積水嚴重,120.2216283,22.9972264
2,長榮路大學路口,30,淹水30公分,120.221882,22.996002
